{
    "avg_prec": 0.9664389089886113,
    "roc_auc": 0.9756557867354178
}