{
    "avg_prec": 0.9681284684726734,
    "roc_auc": 0.9767420023463184
}